22656,arraylist
571407,arraylist
1679863,arraylist
1221571,arraylist
1707091,arraylist
522444,arraylist
335858,arraylist
276052,arraylist
871026,arraylist
829571,arraylist
367273,arraylist
438154,arraylist
869736,arraylist
1587046,arraylist
1749753,arraylist
157882,arraylist
1343161,arraylist
2024761,arraylist
1093528,arraylist
1357341,arraylist
2587435,arraylist
1704529,arraylist
2071828,arraylist
1003142,arraylist
616460,arraylist
1081110,arraylist
61974,arraylist
3533191,arraylist
2598,arraylist
1064245,arraylist
2891664,arraylist
2310289,arraylist
