2670892,eclipse
6309,eclipse
157882,eclipse
22656,eclipse
571407,eclipse
70604,eclipse
203907,eclipse
555576,eclipse
34088,eclipse
639520,eclipse
115145,eclipse
653856,eclipse
260990,eclipse
438154,eclipse
871026,eclipse
172363,eclipse
1442874,eclipse
114313,eclipse
2587435,eclipse
1449199,eclipse
80906,eclipse
992484,eclipse
4249,eclipse
3916,eclipse
16883,eclipse
418556,eclipse
1836,eclipse
1103872,eclipse
796559,eclipse
276052,eclipse
342852,eclipse
680925,eclipse
714965,eclipse
438992,eclipse
753663,eclipse
1202025,eclipse
14955,eclipse
2454356,eclipse
474189,eclipse
3218114,eclipse
343955,eclipse
123582,eclipse
139010,eclipse
1065197,eclipse
1267661,eclipse
304,eclipse
535871,eclipse
325742,eclipse
1064245,eclipse
1380752,eclipse
659804,eclipse
501696,eclipse
150166,eclipse
256618,eclipse
40342,eclipse
870248,eclipse
223429,eclipse
230513,eclipse
928711,eclipse
1921872,eclipse
391554,eclipse
116472,eclipse
1189885,eclipse
1113392,eclipse
1003142,eclipse
751158,eclipse
104891,eclipse
84728,eclipse
2310289,eclipse
373861,eclipse
116509,eclipse
119772,eclipse
829571,eclipse
1069068,eclipse
2563754,eclipse
2702504,eclipse
1237040,eclipse
2300597,eclipse
873875,eclipse
974186,eclipse
1735406,eclipse
84889,eclipse
289171,eclipse
216021,eclipse
