248432,google-app-engine
12030,google-app-engine
821657,google-app-engine
69258,google-app-engine
635982,google-app-engine
1490882,google-app-engine
119365,google-app-engine
62288,google-app-engine
498860,google-app-engine
571407,google-app-engine
157882,google-app-engine
48387,google-app-engine
130929,google-app-engine
439317,google-app-engine
222467,google-app-engine
14955,google-app-engine
83406,google-app-engine
987490,google-app-engine
1258245,google-app-engine
105744,google-app-engine
656408,google-app-engine
280474,google-app-engine
95810,google-app-engine
867521,google-app-engine
820142,google-app-engine
8418,google-app-engine
23786,google-app-engine
313137,google-app-engine
