179850,multithreading
22656,multithreading
571407,multithreading
829571,multithreading
808486,multithreading
192444,multithreading
438154,multithreading
522444,multithreading
992484,multithreading
605744,multithreading
2711488,multithreading
103154,multithreading
157882,multithreading
335858,multithreading
230513,multithreading
535871,multithreading
14955,multithreading
1305501,multithreading
2071828,multithreading
203907,multithreading
40342,multithreading
331052,multithreading
34397,multithreading
115145,multithreading
3080094,multithreading
680925,multithreading
302916,multithreading
474189,multithreading
144746,multithreading
1707091,multithreading
2189127,multithreading
326480,multithreading
653856,multithreading
157247,multithreading
150339,multithreading
659804,multithreading
995891,multithreading
1679863,multithreading
127479,multithreading
135589,multithreading
300311,multithreading
3182664,multithreading
1305253,multithreading
1631193,multithreading
193906,multithreading
658718,multithreading
474283,multithreading
1343161,multithreading
1441122,multithreading
1076463,multithreading
