157882,servlets
203907,servlets
438154,servlets
571407,servlets
21234,servlets
1065197,servlets
605744,servlets
3218114,servlets
22656,servlets
573032,servlets
14955,servlets
438992,servlets
103154,servlets
2662489,servlets
42769,servlets
1299005,servlets
12960,servlets
1237040,servlets
1387157,servlets
1705598,servlets
1464763,servlets
3916,servlets
870248,servlets
814702,servlets
871026,servlets
1066530,servlets
680925,servlets
248432,servlets
3474,servlets
834362,servlets
839646,servlets
775715,servlets
720161,servlets
2764255,servlets
1151456,servlets
131368,servlets
459557,servlets
240078,servlets
1679863,servlets
