438154,spring-mvc
21234,spring-mvc
103154,spring-mvc
203907,spring-mvc
2696260,spring-mvc
280244,spring-mvc
571407,spring-mvc
204788,spring-mvc
342852,spring-mvc
2504224,spring-mvc
605744,spring-mvc
3545273,spring-mvc
1000933,spring-mvc
714969,spring-mvc
157882,spring-mvc
331052,spring-mvc
400545,spring-mvc
1259109,spring-mvc
2151351,spring-mvc
1291150,spring-mvc
438992,spring-mvc
865403,spring-mvc
1570523,spring-mvc
732771,spring-mvc
1237,spring-mvc
249327,spring-mvc
2091925,spring-mvc
2149440,spring-mvc
642340,spring-mvc
839646,spring-mvc
3246484,spring-mvc
1061499,spring-mvc
241990,spring-mvc
442451,spring-mvc
2092870,spring-mvc
1189885,spring-mvc
416564,spring-mvc
341508,spring-mvc
1225328,spring-mvc
708434,spring-mvc
70604,spring-mvc
241986,spring-mvc
343568,spring-mvc
4074715,spring-mvc
1025118,spring-mvc
1869933,spring-mvc
