438154,spring
21234,spring
203907,spring
103154,spring
280244,spring
571407,spring
2696260,spring
605744,spring
342852,spring
204788,spring
1240763,spring
2504224,spring
2756547,spring
70604,spring
1259109,spring
260990,spring
157882,spring
714969,spring
839646,spring
2898867,spring
3498062,spring
1025118,spring
18122,spring
241990,spring
343568,spring
331052,spring
869264,spring
2587166,spring
1065197,spring
865403,spring
438992,spring
1276804,spring
1000933,spring
732771,spring
871026,spring
100402,spring
241986,spring
672586,spring
618059,spring
116509,spring
4074715,spring
1384297,spring
131368,spring
3246484,spring
211277,spring
613628,spring
642340,spring
1291150,spring
1082681,spring
131929,spring
406429,spring
573032,spring
592139,spring
762913,spring
750040,spring
416564,spring
1677948,spring
2151351,spring
2091925,spring
1570523,spring
148608,spring
1147529,spring
117839,spring
1003142,spring
1237,spring
618087,spring
1468919,spring
3510410,spring
2149440,spring
22656,spring
2357233,spring
1391333,spring
3636601,spring
262683,spring
302387,spring
442451,spring
127320,spring
1160445,spring
169397,spring
412763,spring
341508,spring
1818045,spring
1869933,spring
516167,spring
2207894,spring
680925,spring
719633,spring
240078,spring
180100,spring
708434,spring
41871,spring
2587435,spring
1157935,spring
2138993,spring
320180,spring
167365,spring
20634,spring
202694,spring
127359,spring
22982,spring
223429,spring
571271,spring
388980,spring
575338,spring
1347281,spring
1116391,spring
1225328,spring
2083523,spring
4173903,spring
365237,spring
343955,spring
183406,spring
1679863,spring
668929,spring
1313268,spring
465223,spring
57423,spring
1126526,spring
992151,spring
3295,spring
150771,spring
179850,spring
326480,spring
400545,spring
504956,spring
1913790,spring
2092870,spring
37856,spring
69875,spring
1913537,spring
2487524,spring
1084204,spring
