548225,apache
851273,apache
187606,apache
3181248,apache
345031,apache
138475,apache
541091,apache
358679,apache
2209007,apache
342740,apache
550618,apache
892493,apache
889949,apache
13508,apache
42139,apache
476,apache
117259,apache
127724,apache
4175750,apache
330987,apache
87015,apache
362536,apache
783119,apache
149341,apache
1237040,apache
905093,apache
3204827,apache
1338292,apache
1529853,apache
661872,apache
208809,apache
4833,apache
148870,apache
1078583,apache
215966,apache
258674,apache
4668,apache
249538,apache
722762,apache
238978,apache
333074,apache
59120,apache
294972,apache
12280,apache
251311,apache
105019,apache
168868,apache
567986,apache
413910,apache
