1343690,facebook-graph-api
1427878,facebook-graph-api
757508,facebook-graph-api
21062,facebook-graph-api
1603357,facebook-graph-api
337227,facebook-graph-api
52087,facebook-graph-api
920568,facebook-graph-api
875362,facebook-graph-api
558021,facebook-graph-api
155033,facebook-graph-api
265570,facebook-graph-api
912623,facebook-graph-api
1515819,facebook-graph-api
942852,facebook-graph-api
597384,facebook-graph-api
350858,facebook-graph-api
1015483,facebook-graph-api
702469,facebook-graph-api
718224,facebook-graph-api
