1491895,javascript
507674,javascript
157247,javascript
114251,javascript
187606,javascript
965051,javascript
995579,javascript
295783,javascript
1353011,javascript
476,javascript
459897,javascript
182668,javascript
816620,javascript
1338292,javascript
3859027,javascript
218196,javascript
574632,javascript
1175966,javascript
541091,javascript
454533,javascript
204701,javascript
615754,javascript
889949,javascript
138475,javascript
1230836,javascript
1206267,javascript
298479,javascript
29407,javascript
350858,javascript
825789,javascript
50079,javascript
400654,javascript
206403,javascript
18936,javascript
519413,javascript
575527,javascript
13249,javascript
949476,javascript
689579,javascript
208809,javascript
1686485,javascript
741747,javascript
345031,javascript
560593,javascript
772035,javascript
87015,javascript
1011527,javascript
315935,javascript
54680,javascript
53114,javascript
200291,javascript
1438393,javascript
1249581,javascript
1210329,javascript
938089,javascript
263525,javascript
447356,javascript
283366,javascript
1317927,javascript
1415724,javascript
848164,javascript
4364303,javascript
613559,javascript
2513523,javascript
227299,javascript
1978142,javascript
1226894,javascript
1287812,javascript
128165,javascript
2364629,javascript
1796105,javascript
333074,javascript
476945,javascript
417562,javascript
707111,javascript
2344142,javascript
995876,javascript
1343690,javascript
361684,javascript
853360,javascript
785241,javascript
157882,javascript
514749,javascript
862594,javascript
772055,javascript
2450730,javascript
989121,javascript
24181,javascript
1407478,javascript
15031,javascript
722331,javascript
1253312,javascript
822711,javascript
1169798,javascript
1615483,javascript
3711988,javascript
1668533,javascript
16417,javascript
413670,javascript
2812842,javascript
451969,javascript
461813,javascript
752738,javascript
548225,javascript
461186,javascript
1880431,javascript
235710,javascript
376535,javascript
598500,javascript
220819,javascript
557846,javascript
89771,javascript
1201647,javascript
825568,javascript
1041948,javascript
1864610,javascript
2049063,javascript
280598,javascript
222908,javascript
18393,javascript
468793,javascript
892493,javascript
324584,javascript
2256325,javascript
555384,javascript
1835379,javascript
674374,javascript
94197,javascript
1164491,javascript
1267304,javascript
42304,javascript
139010,javascript
1001985,javascript
1558322,javascript
790695,javascript
35070,javascript
251311,javascript
584192,javascript
1428679,javascript
39904,javascript
352672,javascript
472495,javascript
258674,javascript
259457,javascript
1987838,javascript
332565,javascript
527185,javascript
144665,javascript
717214,javascript
2082673,javascript
1545088,javascript
2266713,javascript
398242,javascript
757508,javascript
1324,javascript
1338999,javascript
1255453,javascript
106862,javascript
834030,javascript
1331430,javascript
1528407,javascript
353988,javascript
548696,javascript
22224,javascript
1046010,javascript
16363,javascript
135448,javascript
158014,javascript
1211528,javascript
168868,javascript
660694,javascript
8815,javascript
962734,javascript
201078,javascript
1204508,javascript
3026193,javascript
511300,javascript
510314,javascript
1705244,javascript
594235,javascript
145190,javascript
610573,javascript
1009603,javascript
1450763,javascript
1838763,javascript
480943,javascript
1360253,javascript
337227,javascript
1518924,javascript
973578,javascript
859640,javascript
417685,javascript
783488,javascript
479863,javascript
1315498,javascript
777850,javascript
352552,javascript
350278,javascript
1044234,javascript
1023618,javascript
1191288,javascript
3037257,javascript
40521,javascript
247893,javascript
1612146,javascript
921563,javascript
1558311,javascript
634286,javascript
1557526,javascript
1229260,javascript
843985,javascript
20670,javascript
183528,javascript
165737,javascript
383478,javascript
829835,javascript
488187,javascript
283863,javascript
3656354,javascript
113716,javascript
594509,javascript
3889449,javascript
1857053,javascript
2602732,javascript
408913,javascript
1438108,javascript
1741542,javascript
761202,javascript
1451422,javascript
492335,javascript
2453699,javascript
1451635,javascript
1229023,javascript
987732,javascript
361762,javascript
444991,javascript
1726343,javascript
1957251,javascript
91130,javascript
1047823,javascript
1592398,javascript
986618,javascript
1105514,javascript
1178686,javascript
1627410,javascript
1114536,javascript
601179,javascript
145346,javascript
752527,javascript
1409399,javascript
1681414,javascript
271577,javascript
2012811,javascript
1057429,javascript
251986,javascript
2276042,javascript
1435655,javascript
185916,javascript
80911,javascript
338665,javascript
2281770,javascript
823527,javascript
1823841,javascript
999553,javascript
2502457,javascript
288773,javascript
1505169,javascript
994054,javascript
52087,javascript
396458,javascript
732284,javascript
185657,javascript
344304,javascript
245860,javascript
1634046,javascript
2898694,javascript
2255089,javascript
552792,javascript
126039,javascript
3187556,javascript
1087721,javascript
1114,javascript
2265374,javascript
1234256,javascript
1745573,javascript
2352773,javascript
2180189,javascript
378024,javascript
67945,javascript
172322,javascript
508666,javascript
33918,javascript
198707,javascript
1223293,javascript
579148,javascript
3581423,javascript
1164513,javascript
1385672,javascript
1288198,javascript
2333214,javascript
183254,javascript
942852,javascript
179216,javascript
1669279,javascript
5445,javascript
916144,javascript
