1903366,laravel
1959747,laravel
741747,laravel
784588,laravel
1317935,laravel
3593996,laravel
825568,laravel
697370,laravel
2716927,laravel
1661358,laravel
280329,laravel
3583182,laravel
594509,laravel
351330,laravel
1412984,laravel
3192276,laravel
1520841,laravel
4668,laravel
580587,laravel
2882596,laravel
1902010,laravel
1551393,laravel
1010632,laravel
3104359,laravel
563807,laravel
397195,laravel
658210,laravel
1581993,laravel
2596503,laravel
1269513,laravel
385402,laravel
439427,laravel
1613391,laravel
2109233,laravel
3855399,laravel
4043861,laravel
853404,laravel
612804,laravel
1494454,laravel
908579,laravel
324584,laravel
1676,laravel
825444,laravel
2888851,laravel
703229,laravel
2008384,laravel
1568473,laravel
880040,laravel
576420,laravel
1972509,laravel
1920232,laravel
3227955,laravel
172350,laravel
3134069,laravel
2059483,laravel
1458318,laravel
81216,laravel
200856,laravel
444215,laravel
1791532,laravel
659417,laravel
895621,laravel
2169572,laravel
744588,laravel
2560711,laravel
1194545,laravel
1387233,laravel
812436,laravel
2960703,laravel
2554061,laravel
656489,laravel
3282633,laravel
2019197,laravel
570763,laravel
548225,laravel
1392533,laravel
124378,laravel
158557,laravel
3163506,laravel
2152440,laravel
1626250,laravel
1645181,laravel
1226169,laravel
2629998,laravel
1424329,laravel
800662,laravel
690897,laravel
971392,laravel
2535126,laravel
1186756,laravel
941158,laravel
235926,laravel
102205,laravel
2293836,laravel
