1415724,mysqli
1491895,mysqli
20860,mysqli
541091,mysqli
250259,mysqli
42139,mysqli
3859027,mysqli
283366,mysqli
1880431,mysqli
476,mysqli
1920232,mysqli
1864610,mysqli
507674,mysqli
4833,mysqli
206403,mysqli
998158,mysqli
995579,mysqli
205608,mysqli
689579,mysqli
889949,mysqli
402253,mysqli
454533,mysqli
251311,mysqli
1570534,mysqli
623041,mysqli
1405330,mysqli
1315962,mysqli
168868,mysqli
1438393,mysqli
2310830,mysqli
324584,mysqli
511529,mysqli
762073,mysqli
117259,mysqli
2057919,mysqli
358679,mysqli
493122,mysqli
1338292,mysqli
1557526,mysqli
138475,mysqli
2500658,mysqli
2724954,mysqli
2844319,mysqli
171318,mysqli
342740,mysqli
14860,mysqli
55159,mysqli
853360,mysqli
87189,mysqli
2176428,mysqli
338665,mysqli
505722,mysqli
1190388,mysqli
491494,mysqli
2662489,mysqli
1627406,mysqli
2364629,mysqli
1741542,mysqli
2615209,mysqli
2635601,mysqli
696364,mysqli
1745672,mysqli
215384,mysqli
679449,mysqli
1948292,mysqli
466826,mysqli
50079,mysqli
208809,mysqli
