2255089,preg-replace
345031,preg-replace
548225,preg-replace
507674,preg-replace
20670,preg-replace
227665,preg-replace
3297613,preg-replace
1438393,preg-replace
862594,preg-replace
1633117,preg-replace
2206004,preg-replace
367456,preg-replace
50079,preg-replace
1401975,preg-replace
1578604,preg-replace
142162,preg-replace
1491895,preg-replace
626273,preg-replace
31671,preg-replace
1215106,preg-replace
3679490,preg-replace
889949,preg-replace
476,preg-replace
1229023,preg-replace
703229,preg-replace
127724,preg-replace
541091,preg-replace
3293987,preg-replace
358679,preg-replace
324584,preg-replace
762073,preg-replace
218196,preg-replace
2057919,preg-replace
454533,preg-replace
61974,preg-replace
1078583,preg-replace
298479,preg-replace
187291,preg-replace
764846,preg-replace
2637490,preg-replace
1592648,preg-replace
